Nombre,Rango,Nivel
Vainilla,5,25
Br1Mrcelo,4,25
LordKanino19,4,25
R P D,4,25
212D,3,24
SS Versachi,3,24
AntiZion,3,24
Conde Puf,3,23
deathiro,3,25
Diofanto,3,25
El Templari0,3,24
hirowiro,3,24
Jocs4,3,24
MoRRiGaNC,3,25
N4 Versachi,3,25
Nathy7,3,25
SAM 1101,3,25
Sathariel 69,3,24
Arkeus11,3,24
wirito,3,23
001padre,2,25
001padre2,2,17
DyK12,2,22
e1ver,2,25
Freya2111,2,24
GadrielS,2,22
HaRaKirY,2,18
Jesus1478 3,2,23
Jesus1479,2,20
Joselito170,2,17
JuanD98,2,25
KingAlexx27,2,25
srce1,2,22
theriver2007,2,24
Xacobeo21,2,25
YxXSimbaxXY,2,17
ADADI,1,19
ca0sss,1,25
carlos ecf,1,18
Eraclium,1,24
jose rosario,1,25
MiguelDH,1,21
Mmark,1,24
XxCrisbelyxX,1,18
yeison 27,1,23
Kikiri43,1,23
CL Giao Giao,1,22
akiles bailo,1,8